retries,elapsed,delay,loss,size,rate,proto,GTRs
0,0.08186200,0.0,0.0,1000,12220.0,IPv4,0
0,0.09524200,0.0,0.0,1000,10500.0,IPv6,1
0,1.13103700,0.0,0.0,1000,884.1,IPv4,3
0,0.11423900,0.0,0.0,1000,8754.0,IPv6,0
0,1.13061200,0.0,0.0,1000,884.5,IPv4,4
0,0.13300800,0.0,0.0,1000,7518.0,IPv6,1
0,1.19312500,0.0,0.0,1000,838.1,IPv4,5
0,0.19903600,0.0,0.0,1000,5024.0,IPv6,0
0,0.28433200,0.0,0.0,1000,3517.0,IPv4,3
0,1.35768200,0.0,0.0,1000,736.5,IPv6,6
0,0.49035400,0.0,0.0,1000,2039.0,IPv4,4
0,0.49988400,0.0,0.0,1000,2000.0,IPv6,2
0,1.08406400,0.0,0.0,1000,922.5,IPv4,6
0,1.09504900,0.0,0.0,1000,913.2,IPv6,4
0,0.08744300,0.0,0.1,1000,11440.0,IPv4,0
0,1.10484300,0.0,0.1,1000,905.1,IPv6,7
0,0.10788200,10.1,0.1,1000,9269.0,IPv4,1
0,1.17461900,10.1,0.1,1000,851.3,IPv6,6
0,0.12397300,20.1,0.1,1000,8066.0,IPv4,0
0,1.14190800,20.1,0.1,1000,875.7,IPv6,8
0,0.18555900,50.0,0.1,1000,5389.0,IPv4,0
0,1.21531700,50.0,0.1,1000,822.8,IPv6,9
0,0.28347200,100.0,0.1,1000,3528.0,IPv4,0
0,1.29993500,100.0,0.1,1000,769.3,IPv6,10
0,0.48287600,200.0,0.1,1000,2071.0,IPv4,1
0,0.48756300,200.0,0.1,1000,2051.0,IPv6,5
0,1.08691800,500.0,0.1,1000,920.0,IPv4,5
0,1.09063700,500.0,0.1,1000,916.9,IPv6,6
0,0.08505700,0.0,10.0,1000,11760.0,IPv4,0
0,1.11855900,0.0,10.0,1000,894.0,IPv6,7
0,0.10559200,10.1,10.0,1000,9470.0,IPv4,0
0,1.16518900,10.1,10.0,1000,858.2,IPv6,9
0,0.12568400,20.1,10.0,1000,7956.0,IPv4,0
0,1.14179500,20.1,10.0,1000,875.8,IPv6,9
0,14.19968600,50.0,10.0,1000,70.42,IPv4,27
0,1.20206200,50.0,10.0,1000,831.9,IPv6,5
0,5.29319400,100.0,10.0,1000,188.9,IPv4,8
0,0.28810800,100.0,10.0,1000,3471.0,IPv6,2
0,5.48723300,200.0,10.0,1000,182.2,IPv4,10
0,0.49972200,200.0,10.0,1000,2001.0,IPv6,1
0,1.08224500,500.0,10.0,1000,924.0,IPv4,5
0,1.09383200,500.0,10.0,1000,914.2,IPv6,3
0,0.08508300,0.0,20.0,1000,11750.0,IPv4,0
0,1.10538800,0.0,20.0,1000,904.7,IPv6,7
0,0.10408700,10.1,20.0,1000,9607.0,IPv4,1
0,1.13307900,10.1,20.0,1000,882.6,IPv6,9
0,0.12499500,20.1,20.0,1000,8000.0,IPv4,0
0,1.15716400,20.1,20.0,1000,864.2,IPv6,7
0,0.18314000,50.0,20.0,1000,5460.0,IPv4,2
0,5.20404800,50.0,20.0,1000,192.2,IPv6,18
0,3.36363800,100.0,20.0,1000,297.3,IPv4,9
0,6.33271000,100.0,20.0,1000,157.9,IPv6,6
0,0.48593300,200.0,20.0,1000,2058.0,IPv4,0
0,5.49540800,200.0,20.0,1000,182.0,IPv6,9
0,1.08595600,500.0,20.0,1000,920.8,IPv4,3
0,6.09550000,500.0,20.0,1000,164.1,IPv6,7
0,0.08637200,0.0,30.1,1000,11580.0,IPv4,0
0,15.13214100,0.0,30.1,1000,66.08,IPv6,20
0,0.10380500,10.1,30.1,1000,9633.0,IPv4,0
0,15.13305700,10.1,30.1,1000,66.08,IPv6,18
0,0.12459000,20.1,30.1,1000,8026.0,IPv4,0
0,5.14407000,20.1,30.1,1000,194.4,IPv6,8
0,0.18412000,50.0,30.1,1000,5431.0,IPv4,2
0,5.19575100,50.0,30.1,1000,192.5,IPv6,11
0,15.30318000,100.0,30.1,1000,65.35,IPv4,22
0,0.29350100,100.0,30.1,1000,3407.0,IPv6,0
0,0.48465400,200.0,30.1,1000,2063.0,IPv4,2
0,0.54352100,200.0,30.1,1000,1840.0,IPv6,1
0,1.08414100,500.0,30.1,1000,922.4,IPv4,4
0,8.17655800,500.0,30.1,1000,122.3,IPv6,22
0,20.13481000,0.0,50.2,1000,49.67,IPv4,49
0,1.13748400,0.0,50.2,1000,879.1,IPv6,3
0,5.10848200,10.1,50.2,1000,195.8,IPv4,7
0,0.11593200,10.1,50.2,1000,8626.0,IPv6,1
0,1.16543100,20.1,50.2,1000,858.1,IPv4,7
0,5.13478800,20.1,50.2,1000,194.8,IPv6,15
0,0.19170900,50.0,50.2,1000,5216.0,IPv4,2
0,1.18722800,50.0,50.2,1000,842.3,IPv6,47
0,5.28822900,100.0,50.2,1000,189.1,IPv4,5
0,1.41410500,100.0,50.2,1000,707.2,IPv6,8
0,0.48489000,200.0,50.2,1000,2062.0,IPv4,0
0,0.49517900,200.0,50.2,1000,2019.0,IPv6,4
0,7.13980700,500.0,50.2,1000,140.1,IPv4,16
0,2.15468200,500.0,50.2,1000,464.1,IPv6,6
0,0.11859100,0.0,60.0,1000,8432.0,IPv4,0
0,8.17656500,0.0,60.0,1000,122.3,IPv6,19
1000000000,1000000000.00000000,10.1,60.0,1000,0.0,IPv4,50
0,1.13470800,10.1,60.0,1000,881.3,IPv6,2
0,19.14208400,20.1,60.0,1000,52.24,IPv4,9
0,0.13145400,20.1,60.0,1000,7607.0,IPv6,1
0,20.23625600,50.0,60.0,1000,49.42,IPv4,22
0,1.20814800,50.0,60.0,1000,827.7,IPv6,2
0,6.34683900,100.0,60.0,1000,157.6,IPv4,6
0,6.33713600,100.0,60.0,1000,157.8,IPv6,6
0,19.50059400,200.0,60.0,1000,51.28,IPv4,18
0,21.72292300,200.0,60.0,1000,46.03,IPv6,35
1000000000,1000000000.00000000,500.0,60.0,1000,0.0,IPv4,72
0,1.08621900,500.0,60.0,1000,920.6,IPv6,1
0,14.09397200,0.0,70.0,1000,70.95,IPv4,7
1000000000,1000000000.00000000,0.0,70.0,1000,0.0,IPv6,43
0,20.15343500,10.1,70.0,1000,49.62,IPv4,16
1000000000,1000000000.00000000,10.1,70.0,1000,0.0,IPv6,83
0,19.13996600,20.1,70.0,1000,52.25,IPv4,15
0,15.43289600,20.1,70.0,1000,64.8,IPv6,15
0,22.30765000,50.0,70.0,1000,44.83,IPv4,8
0,31.77288000,50.0,70.0,1000,31.47,IPv6,39
0,12.38659900,100.0,70.0,1000,80.73,IPv4,20
0,5.30257900,100.0,70.0,1000,188.6,IPv6,6
0,5.48876500,200.0,70.0,1000,182.2,IPv4,15
0,12.58438700,200.0,70.0,1000,79.46,IPv6,33
0,8.19275900,500.0,70.0,1000,122.1,IPv4,35
0,0.58068600,500.0,70.0,1000,1722.0,IPv6,41
0,5.08733000,0.0,80.0,1000,196.6,IPv4,10
0,5.09012900,0.0,80.0,1000,196.5,IPv6,10
0,15.58113000,10.1,80.0,1000,64.18,IPv4,36
0,6.11932400,10.1,80.0,1000,163.4,IPv6,11
0,0.09777500,20.1,80.0,1000,10230.0,IPv4,21
0,12.22140600,20.1,80.0,1000,81.82,IPv6,13
1000000000,1000000000.00000000,50.0,80.0,1000,0.0,IPv4,17
0,3.22839400,50.0,80.0,1000,309.8,IPv6,15
1000000000,1000000000.00000000,100.0,80.0,1000,0.0,IPv4,76
1000000000,1000000000.00000000,100.0,80.0,1000,0.0,IPv6,16
0,15.80503400,200.0,80.0,1000,63.27,IPv4,11
0,19.70782300,200.0,80.0,1000,50.74,IPv6,14
0,2.14578100,500.0,80.0,1000,466.0,IPv4,8
0,0.58115800,500.0,80.0,1000,1721.0,IPv6,41
0,0.08229500,0.0,0.0,10000,121500.0,IPv4,0
0,1.12672800,0.0,0.0,10000,8875.0,IPv6,7
0,0.10846300,0.0,0.0,10000,92200.0,IPv4,2
0,1.17475200,0.0,0.0,10000,8512.0,IPv6,5
0,0.12934100,0.0,0.0,10000,77320.0,IPv4,1
0,1.17880000,0.0,0.0,10000,8483.0,IPv6,7
0,0.18542000,0.0,0.0,10000,53930.0,IPv4,0
0,0.19281800,0.0,0.0,10000,51860.0,IPv6,2
0,0.29097900,0.0,0.0,10000,34370.0,IPv4,2
0,0.28981800,0.0,0.0,10000,34500.0,IPv6,1
0,0.49049000,0.0,0.0,10000,20390.0,IPv4,4
0,0.50278900,0.0,0.0,10000,19890.0,IPv6,4
0,1.08316500,0.0,0.0,10000,9232.0,IPv4,4
0,1.09304500,0.0,0.0,10000,9149.0,IPv6,7
0,0.08547100,0.0,0.1,10000,117000.0,IPv4,0
0,0.08805700,0.0,0.1,10000,113600.0,IPv6,3
0,1.13958200,10.1,0.1,10000,8775.0,IPv4,5
0,0.11691300,10.1,0.1,10000,85530.0,IPv6,2
0,1.18590900,20.1,0.1,10000,8432.0,IPv4,6
0,0.12629400,20.1,0.1,10000,79180.0,IPv6,2
0,0.18366700,50.0,0.1,10000,54450.0,IPv4,2
0,1.24294500,50.0,0.1,10000,8045.0,IPv6,8
0,0.28665700,100.0,0.1,10000,34880.0,IPv4,0
0,0.29290900,100.0,0.1,10000,34140.0,IPv6,2
0,0.48580000,200.0,0.1,10000,20580.0,IPv4,3
0,0.50784200,200.0,0.1,10000,19690.0,IPv6,4
0,1.08721100,500.0,0.1,10000,9198.0,IPv4,6
0,1.09257000,500.0,0.1,10000,9153.0,IPv6,5
0,0.08772500,0.0,10.0,10000,114000.0,IPv4,0
0,1.12439100,0.0,10.0,10000,8894.0,IPv6,9
0,0.10810100,10.1,10.0,10000,92510.0,IPv4,1
0,1.16493400,10.1,10.0,10000,8584.0,IPv6,7
0,0.12547600,20.1,10.0,10000,79700.0,IPv4,0
0,1.15007100,20.1,10.0,10000,8695.0,IPv6,10
0,0.18535300,50.0,10.0,10000,53950.0,IPv4,0
0,1.22390300,50.0,10.0,10000,8171.0,IPv6,7
0,0.28806700,100.0,10.0,10000,34710.0,IPv4,1
0,0.29689800,100.0,10.0,10000,33680.0,IPv6,3
0,0.49606200,200.0,10.0,10000,20160.0,IPv4,3
0,5.50162400,200.0,10.0,10000,1818.0,IPv6,22
0,1.08389200,500.0,10.0,10000,9226.0,IPv4,5
0,1.09429500,500.0,10.0,10000,9138.0,IPv6,5
0,1.09982400,0.0,20.0,10000,9092.0,IPv4,3
0,5.09542200,0.0,20.0,10000,1963.0,IPv6,8
0,20.46449300,10.1,20.0,10000,488.7,IPv4,36
0,0.11403400,10.1,20.0,10000,87690.0,IPv6,0
0,3.24339100,20.1,20.0,10000,3083.0,IPv4,8
0,14.14142700,20.1,20.0,10000,707.1,IPv6,15
0,0.18355000,50.0,20.0,10000,54480.0,IPv4,2
0,0.20072200,50.0,20.0,10000,49820.0,IPv6,2
0,1.33033500,100.0,20.0,10000,7517.0,IPv4,6
0,1.33184800,100.0,20.0,10000,7508.0,IPv6,7
0,0.48640300,200.0,20.0,10000,20560.0,IPv4,2
0,0.48942200,200.0,20.0,10000,20430.0,IPv6,1
0,1.08418900,500.0,20.0,10000,9223.0,IPv4,8
0,1.10110200,500.0,20.0,10000,9082.0,IPv6,4
0,5.08933800,0.0,30.1,10000,1965.0,IPv4,15
0,0.09096200,0.0,30.1,10000,109900.0,IPv6,1
0,3.15788300,10.1,30.1,10000,3167.0,IPv4,11
0,0.11433200,10.1,30.1,10000,87460.0,IPv6,1
0,1.14470900,20.1,30.1,10000,8736.0,IPv4,5
0,1.14216800,20.1,30.1,10000,8755.0,IPv6,5
0,1.19633200,50.0,30.1,10000,8359.0,IPv4,8
0,0.19257800,50.0,30.1,10000,51930.0,IPv6,1
0,19.30342000,100.0,30.1,10000,518.0,IPv4,28
0,5.29892100,100.0,30.1,10000,1887.0,IPv6,7
0,1.54566700,200.0,30.1,10000,6470.0,IPv4,3
0,0.48668000,200.0,30.1,10000,20550.0,IPv6,1
0,15.09166400,500.0,30.1,10000,662.6,IPv4,18
0,1.08587400,500.0,30.1,10000,9209.0,IPv6,2
0,0.09234800,0.0,50.2,10000,108300.0,IPv4,0
0,1.13748400,0.0,50.2,10000,8791.0,IPv6,8
0,20.19871000,10.1,50.2,10000,495.1,IPv4,20
0,1.10485400,10.1,50.2,10000,9051.0,IPv6,21
0,0.13692400,20.1,50.2,10000,73030.0,IPv4,0
0,1.11770800,20.1,50.2,10000,8947.0,IPv6,19
0,3.19996000,50.0,50.2,10000,3125.0,IPv4,31
0,1.19915200,50.0,50.2,10000,8339.0,IPv6,4
0,17.34829600,100.0,50.2,10000,576.4,IPv4,19
0,0.29377300,100.0,50.2,10000,34040.0,IPv6,1
0,0.48351800,200.0,50.2,10000,20680.0,IPv4,3
0,1.54421700,200.0,50.2,10000,6476.0,IPv6,9
0,15.09876300,500.0,50.2,10000,662.3,IPv4,31
0,21.47292700,500.0,50.2,10000,465.7,IPv6,28
0,47.97000300,0.0,60.0,10000,208.5,IPv4,27
0,20.42369800,0.0,60.0,10000,489.6,IPv6,14
0,5.10748100,10.1,60.0,10000,1958.0,IPv4,6
0,3.18923000,10.1,60.0,10000,3136.0,IPv6,8
0,22.22863600,20.1,60.0,10000,449.9,IPv4,30
0,69.31067600,20.1,60.0,10000,144.3,IPv6,70
0,14.20074000,50.0,60.0,10000,704.2,IPv4,10
0,8.28070900,50.0,60.0,10000,1208.0,IPv6,11
0,0.28487500,100.0,60.0,10000,35100.0,IPv4,0
0,14.30835700,100.0,60.0,10000,698.9,IPv6,22
0,0.48521800,200.0,60.0,10000,20610.0,IPv4,5
0,1.53690200,200.0,60.0,10000,6507.0,IPv6,9
0,37.89059000,500.0,60.0,10000,263.9,IPv4,38
1000000000,1000000000.00000000,500.0,60.0,10000,0.0,IPv6,22
0,31.74388500,0.0,70.0,10000,315.0,IPv4,10
0,15.19970000,0.0,70.0,10000,657.9,IPv6,5
0,3.19527200,10.1,70.0,10000,3130.0,IPv4,5
0,50.66894600,10.1,70.0,10000,197.4,IPv6,25
0,15.17215900,20.1,70.0,10000,659.1,IPv4,5
0,19.14676900,20.1,70.0,10000,522.3,IPv6,17
0,20.23747000,50.0,70.0,10000,494.1,IPv4,14
0,8.25309000,50.0,70.0,10000,1212.0,IPv6,9
0,5.28807200,100.0,70.0,10000,1891.0,IPv4,3
0,1.35720100,100.0,70.0,10000,7368.0,IPv6,5
0,1.54043200,200.0,70.0,10000,6492.0,IPv4,3
0,30.12837000,200.0,70.0,10000,331.9,IPv6,38
0,9.15237400,500.0,70.0,10000,1093.0,IPv4,8
0,1.09822900,500.0,70.0,10000,9106.0,IPv6,2
0,7.19765800,0.0,80.0,10000,1389.0,IPv4,37
1000000000,1000000000.00000000,0.0,80.0,10000,0.0,IPv6,44
0,64.01636700,10.1,80.0,10000,156.2,IPv4,62
1000000000,1000000000.00000000,10.1,80.0,10000,0.0,IPv6,3
1000000000,1000000000.00000000,20.1,80.0,10000,0.0,IPv4,33
1000000000,1000000000.00000000,20.1,80.0,10000,0.0,IPv6,24
0,26.33167300,50.0,80.0,10000,379.8,IPv4,5
1000000000,1000000000.00000000,50.0,80.0,10000,0.0,IPv6,60
0,5.29323700,100.0,80.0,10000,1889.0,IPv4,0
1000000000,1000000000.00000000,100.0,80.0,10000,0.0,IPv6,62
0,3.37897100,200.0,80.0,10000,2959.0,IPv4,9
1000000000,1000000000.00000000,200.0,80.0,10000,0.0,IPv6,89
0,21.11298400,500.0,80.0,10000,473.6,IPv4,9
0,4.12489000,500.0,80.0,10000,2424.0,IPv6,9
0,73.09163400,0.0,0.0,100000,1368.0,IPv4,12
0,73.45036600,0.0,0.0,100000,1361.0,IPv6,16
0,77.33258500,0.0,0.0,100000,1293.0,IPv4,11
0,81.63750900,0.0,0.0,100000,1225.0,IPv6,8
0,81.38902600,0.0,0.0,100000,1229.0,IPv4,8
0,98.04779800,0.0,0.0,100000,1020.0,IPv6,13
0,101.86007700,0.0,0.0,100000,981.7,IPv4,8
0,73.45334000,0.0,0.0,100000,1361.0,IPv6,11
0,69.18846900,0.0,0.0,100000,1445.0,IPv4,13
0,73.45218200,0.0,0.0,100000,1361.0,IPv6,11
0,110.20455600,0.0,0.0,100000,907.4,IPv4,8
0,110.51652900,0.0,0.0,100000,904.8,IPv6,17
0,114.23260600,0.0,0.0,100000,875.4,IPv4,11
0,98.03298600,0.0,0.0,100000,1020.0,IPv6,15
0,72.73206300,0.0,0.1,100000,1375.0,IPv4,9
0,77.54611100,0.0,0.1,100000,1290.0,IPv6,10
0,77.36299000,10.1,0.1,100000,1293.0,IPv4,8
0,85.74699300,10.1,0.1,100000,1166.0,IPv6,8
0,77.36141000,20.1,0.1,100000,1293.0,IPv4,13
0,93.94777400,20.1,0.1,100000,1064.0,IPv6,12
0,101.88796600,50.0,0.1,100000,981.5,IPv4,9
0,73.45591500,50.0,0.1,100000,1361.0,IPv6,15
0,69.17846000,100.0,0.1,100000,1446.0,IPv4,9
0,73.45765500,100.0,0.1,100000,1361.0,IPv6,7
0,110.17061600,200.0,0.1,100000,907.7,IPv4,11
0,98.01689000,200.0,0.1,100000,1020.0,IPv6,11
0,114.40722600,500.0,0.1,100000,874.1,IPv4,10
0,98.52562900,500.0,0.1,100000,1015.0,IPv6,23
0,72.17291600,0.0,10.0,100000,1386.0,IPv4,8
0,77.54564200,0.0,10.0,100000,1290.0,IPv6,8
0,151.06027800,10.1,10.0,100000,662.0,IPv4,37
0,89.84899800,10.1,10.0,100000,1113.0,IPv6,12
0,81.41955900,20.1,10.0,100000,1228.0,IPv4,21
0,93.96849000,20.1,10.0,100000,1064.0,IPv6,12
0,97.85011800,50.0,10.0,100000,1022.0,IPv4,15
0,73.47941800,50.0,10.0,100000,1361.0,IPv6,12
0,69.24019300,100.0,10.0,100000,1444.0,IPv4,9
0,143.18567300,100.0,10.0,100000,698.4,IPv6,25
0,110.10647200,200.0,10.0,100000,908.2,IPv4,8
0,110.31942000,200.0,10.0,100000,906.5,IPv6,15
0,114.48938100,500.0,10.0,100000,873.4,IPv4,13
0,98.54345000,500.0,10.0,100000,1015.0,IPv6,16
0,72.20802700,0.0,20.0,100000,1385.0,IPv4,17
0,73.44033400,0.0,20.0,100000,1362.0,IPv6,23
0,77.39910500,10.1,20.0,100000,1292.0,IPv4,9
0,442.10767800,10.1,20.0,100000,226.2,IPv6,71
0,77.37376000,20.1,20.0,100000,1292.0,IPv4,31
0,102.15724200,20.1,20.0,100000,978.9,IPv6,9
0,101.90622500,50.0,20.0,100000,981.3,IPv4,14
0,73.45673800,50.0,20.0,100000,1361.0,IPv6,31
0,97.89066200,100.0,20.0,100000,1022.0,IPv4,34
0,202.53092100,100.0,20.0,100000,493.8,IPv6,22
0,99.94580400,200.0,20.0,100000,1001.0,IPv4,7
0,98.23489200,200.0,20.0,100000,1018.0,IPv6,8
0,228.98579000,500.0,20.0,100000,436.7,IPv4,36
0,98.03865100,500.0,20.0,100000,1020.0,IPv6,9
0,97.36486800,0.0,30.1,100000,1027.0,IPv4,39
0,155.39769500,0.0,30.1,100000,643.5,IPv6,38
0,101.91821200,10.1,30.1,100000,981.2,IPv4,22
0,118.50243400,10.1,30.1,100000,843.9,IPv6,30
0,97.87769000,20.1,30.1,100000,1022.0,IPv4,6
0,98.06370500,20.1,30.1,100000,1020.0,IPv6,45
0,97.76712800,50.0,30.1,100000,1023.0,IPv4,12
0,102.11677400,50.0,30.1,100000,979.3,IPv6,30
0,69.14137600,100.0,30.1,100000,1446.0,IPv4,24
0,98.02461300,100.0,30.1,100000,1020.0,IPv6,18
0,339.53446800,200.0,30.1,100000,294.5,IPv4,66
0,594.84785800,200.0,30.1,100000,168.1,IPv6,90
0,199.32476400,500.0,30.1,100000,501.7,IPv4,85
0,337.10986700,500.0,30.1,100000,296.6,IPv6,72
0,75.32535500,0.0,50.2,100000,1328.0,IPv4,38
0,110.31503900,0.0,50.2,100000,906.5,IPv6,42
0,151.06028300,10.1,50.2,100000,662.0,IPv4,39
0,323.31591700,10.1,50.2,100000,309.3,IPv6,108
0,118.33712100,20.1,50.2,100000,845.0,IPv4,30
0,341.70381600,20.1,50.2,100000,292.7,IPv6,126
0,116.30753600,50.0,50.2,100000,859.8,IPv4,15
0,227.06943700,50.0,50.2,100000,440.4,IPv6,72
0,648.76764100,100.0,50.2,100000,154.1,IPv4,213
0,3.12091000,100.0,50.2,100000,32040.0,IPv6,4
0,98.59596600,200.0,50.2,100000,1014.0,IPv4,31
0,196.52243000,200.0,50.2,100000,508.8,IPv6,75
0,360.05510000,500.0,50.2,100000,277.7,IPv4,97
0,106.22116000,500.0,50.2,100000,941.4,IPv6,54
0,196.15098000,0.0,60.0,100000,509.8,IPv4,129
0,261.86691500,0.0,60.0,100000,381.9,IPv6,71
0,101.90930900,10.1,60.0,100000,981.3,IPv4,32
0,384.75300800,10.1,60.0,100000,259.9,IPv6,133
0,322.77768100,20.1,60.0,100000,309.8,IPv4,160
0,331.52019900,20.1,60.0,100000,301.6,IPv6,121
0,196.64727700,50.0,60.0,100000,508.5,IPv4,90
0,335.58494900,50.0,60.0,100000,298.0,IPv6,103
0,85.56262000,100.0,60.0,100000,1169.0,IPv4,37
0,175.84810700,100.0,60.0,100000,568.7,IPv6,66
1000000000,1000000000.00000000,200.0,60.0,100000,0.0,IPv4,37
0,466.65422100,200.0,60.0,100000,214.3,IPv6,194
0,207.50385900,500.0,60.0,100000,481.9,IPv4,99
0,118.49804500,500.0,60.0,100000,843.9,IPv6,60
0,72.51633500,0.0,70.0,100000,1379.0,IPv4,61
0,110.32267400,0.0,70.0,100000,906.4,IPv6,59
0,78.45143100,10.1,70.0,100000,1275.0,IPv4,41
0,318.40347300,10.1,70.0,100000,314.1,IPv6,126
0,339.49804200,20.1,70.0,100000,294.6,IPv4,187
0,655.08150600,20.1,70.0,100000,152.7,IPv6,192
0,102.48856300,50.0,70.0,100000,975.7,IPv4,22
0,100.09355100,50.0,70.0,100000,999.1,IPv6,67
0,161.29813900,100.0,70.0,100000,620.0,IPv4,68
0,698.14251200,100.0,70.0,100000,143.2,IPv6,262
0,210.50169400,200.0,70.0,100000,475.1,IPv4,115
1000000000,1000000000.00000000,200.0,70.0,100000,0.0,IPv6,20
0,274.40313100,500.0,70.0,100000,364.4,IPv4,120
0,324.56484200,500.0,70.0,100000,308.1,IPv6,106
0,99.69141500,0.0,80.0,100000,1003.0,IPv4,117
0,934.05635200,0.0,80.0,100000,107.1,IPv6,318
0,15.78658600,10.1,80.0,100000,6334.0,IPv4,10
0,810.39085100,10.1,80.0,100000,123.4,IPv6,266
0,96.63113600,20.1,80.0,100000,1035.0,IPv4,47
0,1018.02101800,20.1,80.0,100000,98.23,IPv6,347
0,199.13194300,50.0,80.0,100000,502.2,IPv4,92
1000000000,1000000000.00000000,50.0,80.0,100000,0.0,IPv6,81
1000000000,1000000000.00000000,100.0,80.0,100000,0.0,IPv4,44
0,933.02960300,100.0,80.0,100000,107.2,IPv6,242
0,102.58283100,200.0,80.0,100000,974.8,IPv4,80
1000000000,1000000000.00000000,200.0,80.0,100000,0.0,IPv6,50
0,458.79166200,500.0,80.0,100000,218.0,IPv4,198
0,934.92685500,500.0,80.0,100000,107.0,IPv6,234
0,110.23920700,0.0,0.0,200000,1814.0,IPv4,11
0,73.39755700,0.0,0.0,200000,2725.0,IPv6,8
0,110.11265600,0.0,0.0,200000,1816.0,IPv4,18
0,81.57893300,0.0,0.0,200000,2452.0,IPv6,8
0,118.37500000,0.0,0.0,200000,1690.0,IPv4,12
0,93.84686300,0.0,0.0,200000,2131.0,IPv6,14
0,126.55551900,0.0,0.0,200000,1580.0,IPv4,13
0,73.40193900,0.0,0.0,200000,2725.0,IPv6,7
0,93.81501600,0.0,0.0,200000,2132.0,IPv4,12
0,114.46253500,0.0,0.0,200000,1747.0,IPv6,7
0,122.45039900,0.0,0.0,200000,1633.0,IPv4,17
0,114.56121700,0.0,0.0,200000,1746.0,IPv6,7
0,114.24128200,0.0,0.0,200000,1751.0,IPv4,7
0,98.02457600,0.0,0.0,200000,2040.0,IPv6,10
0,76.76700900,0.0,0.1,200000,2605.0,IPv4,8
0,73.45149600,0.0,0.1,200000,2723.0,IPv6,13
0,81.49270800,10.1,0.1,200000,2454.0,IPv4,13
0,81.59717100,10.1,0.1,200000,2451.0,IPv6,13
0,93.75304900,20.1,0.1,200000,2133.0,IPv4,8
0,93.91428700,20.1,0.1,200000,2130.0,IPv6,8
0,73.26791400,50.0,0.1,200000,2730.0,IPv4,12
0,106.17674600,50.0,0.1,200000,1884.0,IPv6,9
0,93.82213100,100.0,0.1,200000,2132.0,IPv4,16
0,73.38369800,100.0,0.1,200000,2725.0,IPv6,12
0,122.52553700,200.0,0.1,200000,1632.0,IPv4,7
0,94.08251000,200.0,0.1,200000,2126.0,IPv6,6
0,126.68034400,500.0,0.1,200000,1579.0,IPv4,17
0,97.93298000,500.0,0.1,200000,2042.0,IPv6,12
0,68.71538100,0.0,10.0,200000,2911.0,IPv4,9
0,77.38448500,0.0,10.0,200000,2584.0,IPv6,9
0,69.26343100,10.1,10.0,200000,2888.0,IPv4,21
0,81.53518300,10.1,10.0,200000,2453.0,IPv6,8
0,77.47618700,20.1,10.0,200000,2581.0,IPv4,8
0,85.65282000,20.1,10.0,200000,2335.0,IPv6,17
0,89.79332100,50.0,10.0,200000,2227.0,IPv4,13
0,106.17121000,50.0,10.0,200000,1884.0,IPv6,8
0,102.00434600,100.0,10.0,200000,1961.0,IPv4,18
0,114.41149400,100.0,10.0,200000,1748.0,IPv6,10
0,147.00818600,200.0,10.0,200000,1360.0,IPv4,40
0,110.42842100,200.0,10.0,200000,1811.0,IPv6,24
0,66.80350500,500.0,10.0,200000,2994.0,IPv4,11
0,102.00152600,500.0,10.0,200000,1961.0,IPv6,12
0,251.60144800,0.0,20.0,200000,794.9,IPv4,43
0,147.09107700,0.0,20.0,200000,1360.0,IPv6,23
0,73.32412300,10.1,20.0,200000,2728.0,IPv4,18
0,77.45163600,10.1,20.0,200000,2582.0,IPv6,13
0,77.38417100,20.1,20.0,200000,2585.0,IPv4,22
0,167.55944700,20.1,20.0,200000,1194.0,IPv6,46
0,89.72574500,50.0,20.0,200000,2229.0,IPv4,9
0,106.18489900,50.0,20.0,200000,1884.0,IPv6,24
0,93.70531600,100.0,20.0,200000,2134.0,IPv4,37
0,98.11067000,100.0,20.0,200000,2039.0,IPv6,10
0,122.42421400,200.0,20.0,200000,1634.0,IPv4,24
0,111.47203900,200.0,20.0,200000,1794.0,IPv6,23
0,363.15441100,500.0,20.0,200000,550.7,IPv4,57
0,114.88369700,500.0,20.0,200000,1741.0,IPv6,18
0,100.90392300,0.0,30.1,200000,1982.0,IPv4,40
0,331.48033400,0.0,30.1,200000,603.4,IPv6,49
0,101.57943300,10.1,30.1,200000,1969.0,IPv4,30
0,106.22192600,10.1,30.1,200000,1883.0,IPv6,17
0,81.39603800,20.1,30.1,200000,2457.0,IPv4,32
0,102.15654600,20.1,30.1,200000,1958.0,IPv6,12
0,101.91096600,50.0,30.1,200000,1962.0,IPv4,31
0,106.26104100,50.0,30.1,200000,1882.0,IPv6,36
0,138.78254600,100.0,30.1,200000,1441.0,IPv4,13
0,99.12142600,100.0,30.1,200000,2018.0,IPv6,28
0,109.10691800,200.0,30.1,200000,1833.0,IPv4,22
0,98.22944900,200.0,30.1,200000,2036.0,IPv6,8
0,224.89500400,500.0,30.1,200000,889.3,IPv4,62
0,98.03905200,500.0,30.1,200000,2040.0,IPv6,32
0,105.51719800,0.0,50.2,200000,1895.0,IPv4,21
0,204.52415200,0.0,50.2,200000,977.9,IPv6,71
0,110.08463400,10.1,50.2,200000,1817.0,IPv4,35
0,93.93408200,10.1,50.2,200000,2129.0,IPv6,19
0,85.46555700,20.1,50.2,200000,2340.0,IPv4,28
0,77.54606800,20.1,50.2,200000,2579.0,IPv6,50
0,564.82225900,50.0,50.2,200000,354.1,IPv4,151
0,114.46583600,50.0,50.2,200000,1747.0,IPv6,40
0,880.14643500,100.0,50.2,200000,227.2,IPv4,228
0,197.42972600,100.0,50.2,200000,1013.0,IPv6,60
0,113.19718000,200.0,50.2,200000,1767.0,IPv4,41
0,118.49959700,200.0,50.2,200000,1688.0,IPv6,31
0,106.25572000,500.0,50.2,200000,1882.0,IPv4,45
0,722.12576100,500.0,50.2,200000,277.0,IPv6,169
1000000000,1000000000.00000000,0.0,60.0,200000,0.0,IPv4,52
0,110.28284100,0.0,60.0,200000,1814.0,IPv6,53
0,196.14449200,10.1,60.0,200000,1020.0,IPv4,76
0,217.81459900,10.1,60.0,200000,918.2,IPv6,59
0,700.13735800,20.1,60.0,200000,285.7,IPv4,253
0,226.01634400,20.1,60.0,200000,884.9,IPv6,59
0,969.07049300,50.0,60.0,200000,206.4,IPv4,310
0,110.44802900,50.0,60.0,200000,1811.0,IPv6,49
0,839.25676000,100.0,60.0,200000,238.3,IPv4,242
0,114.50791700,100.0,60.0,200000,1747.0,IPv6,71
0,102.27550200,200.0,60.0,200000,1956.0,IPv4,61
0,569.06837300,200.0,60.0,200000,351.5,IPv6,197
0,225.09289400,500.0,60.0,200000,888.5,IPv4,72
0,132.28887500,500.0,60.0,200000,1512.0,IPv6,17
0,99.90401200,0.0,70.0,200000,2002.0,IPv4,42
0,573.17458400,0.0,70.0,200000,348.9,IPv6,190
0,286.24941000,10.1,70.0,200000,698.7,IPv4,113
0,56.27043500,10.1,70.0,200000,3554.0,IPv6,15
0,200.72419400,20.1,70.0,200000,996.4,IPv4,93
0,765.69863100,20.1,70.0,200000,261.2,IPv6,221
0,953.70413200,50.0,70.0,200000,209.7,IPv4,430
0,198.50726700,50.0,70.0,200000,1008.0,IPv6,77
0,100.03356100,100.0,70.0,200000,1999.0,IPv4,56
0,580.85879800,100.0,70.0,200000,344.3,IPv6,232
0,322.72982400,200.0,70.0,200000,619.7,IPv4,91
0,938.70472700,200.0,70.0,200000,213.1,IPv6,393
0,446.59531700,500.0,70.0,200000,447.8,IPv4,114
0,202.21325100,500.0,70.0,200000,989.1,IPv6,28
0,112.05237000,0.0,80.0,200000,1785.0,IPv4,66
1000000000,1000000000.00000000,0.0,80.0,200000,0.0,IPv6,25
0,1015.20314200,10.1,80.0,200000,197.0,IPv4,253
0,708.42889300,10.1,80.0,200000,282.3,IPv6,176
1000000000,1000000000.00000000,20.1,80.0,200000,0.0,IPv4,15
1000000000,1000000000.00000000,20.1,80.0,200000,0.0,IPv6,66
0,994.72167300,50.0,80.0,200000,201.1,IPv4,208
1000000000,1000000000.00000000,50.0,80.0,200000,0.0,IPv6,13
0,261.73941400,100.0,80.0,200000,764.1,IPv4,66
1000000000,1000000000.00000000,100.0,80.0,200000,0.0,IPv6,51
0,442.05299400,200.0,80.0,200000,452.4,IPv4,41
1000000000,1000000000.00000000,200.0,80.0,200000,0.0,IPv6,130
0,210.16007500,500.0,80.0,200000,951.7,IPv4,60
1000000000,1000000000.00000000,500.0,80.0,200000,0.0,IPv6,3
